chromosome,start_position,stop_position,annotation
10,23508124,23508633,PTF1A_PDE
7,44228498,44229252,GCK_promoter_exon_1
12,121416278,121416299,HNF1A_promoter_HNF4A-TF
12,121416313,121416334,HNF1A_promoter_HNF1A-TF
12,121416345,121416363,HNF1A_promoter_NF-Y_&_HNF3-TF
12,121416377,121416385,HNF1A_promoter_AP1-TF
20,42984264,42984276,HNF4A_promoter_HNF1A_&_HNF1B-TF
20,42984294,42984313,HNF4A_promoter_IPF1_&_HNF6/OC2-TF
20,42984253,42984253,HNF4A_promoter_c.-192C>G
11,2182337,2182810,INS_exon_1_prom
11,17465811,17465933,ABCC8_in_8-9_CSS
4,108945094,108945200,HADH_in_5_CSS
X,49106901,49106935,FOXP3_polyA
12,12870255,12870344,CDKN1B_5UTR_uORF
16,86231596,86233100,FOXF1_regulatory_region
X,22266301,22266301,PHEX_3UTR_mutation
MT,3243,3243,m.3243A>G_mutation
11,17416848,17416848,ABCC8_c.4311-26A>G
11,17464481,17464481,ABCC8_c.1468-52G>A
